key,on_alerts,tokens,coverage_pct,token_share_pct
rule_description,30345,874323,98.4,10.998
savedsearch_description,29406,853737,95.4,10.739
orig_rule_description,24217,703589,78.6,8.85
source,30830,428335,100.0,5.388
search_name,30830,428335,100.0,5.388
rule_title,30830,387491,100.0,4.874
orig_rule_title,24310,341324,78.9,4.293
rule_name,30830,316224,100.0,3.978
contributing_events_search,6414,121764,20.8,1.532
eventtype,30830,104229,100.0,1.311
risk_message,6331,102946,20.5,1.295
workbook,30830,92560,100.0,1.164
destinationUserName,24310,88066,78.9,1.108
description,4260,78439,13.8,0.987
user_risk_score,20369,74891,66.1,0.942
drilldown_searches,1052,63321,3.4,0.797
body,2889,62388,9.4,0.785
label,30830,61695,100.0,0.776
notable_type,30830,61660,100.0,0.776
security_domain,30830,61660,100.0,0.776
orig_action_name,30830,61660,100.0,0.776
urgency,30801,61602,99.9,0.775
severities,29989,59991,97.3,0.755
severity,29989,59978,97.3,0.754
investigation_profiles,29469,58938,95.6,0.741
sourceAddress,15781,54098,51.2,0.68
timeendpos,24619,49238,79.9,0.619
timestartpos,24619,49238,79.9,0.619
source_guid,24605,49218,79.8,0.619
orig_security_domain,24289,48578,78.8,0.611
risk_score,24273,48546,78.7,0.611
reason,2605,43587,8.4,0.548
result,1321,43203,4.3,0.543
title,7373,42363,23.9,0.533
history,287,41246,0.9,0.519
user_risk_object_type,20369,40738,66.1,0.512
user_agent,966,37763,3.1,0.475
signature,5095,35265,16.5,0.444
search_title,2478,33679,8.0,0.424
status_additionalDetails,950,31641,3.1,0.398
ObjectId,274,30554,0.9,0.384
sourceUserName,7908,26355,25.7,0.332
ClientName,13061,26197,42.4,0.33
dest_asset_tag,461,26125,1.5,0.329
user_identity,5007,25860,16.2,0.325
dest_category,461,25583,1.5,0.322
cat,10382,25215,33.7,0.317
count,12300,24600,39.9,0.309
risk_object_category,980,23983,3.2,0.302
fileName,2542,23353,8.2,0.294
risk_object_asset_tag,561,23002,1.8,0.289
user_identity_tag,3881,21781,12.6,0.274
orig_source,1390,20886,4.5,0.263
detection_type,10256,20512,33.3,0.258
orig_investigation_type,10162,20324,33.0,0.256
app,5823,18567,18.9,0.234
src_asset_tag,296,18457,1.0,0.232
src_category,296,18443,1.0,0.232
orig_status,9167,18377,29.7,0.231
alertDescription,896,18284,2.9,0.23
act,8517,17466,27.6,0.22
destinationAddress,5080,17118,16.5,0.215
ipAddress,6690,15577,21.7,0.196
user_nick,2447,14693,7.9,0.185
incidentId,7149,14681,23.2,0.185
status_failureReason,483,14670,1.6,0.185
user_category,3538,14592,11.5,0.184
sourcePort,303,14541,1.0,0.183
user_last,4929,14505,16.0,0.182
risk_object,7005,14236,22.7,0.179
normalized_risk_object,7005,14236,22.7,0.179
risk_object_type,7058,14116,22.9,0.178
subject,1751,14023,5.7,0.176
user_first,4915,13921,15.9,0.175
user_email,4921,13911,16.0,0.175
vt_collections_names,300,13653,1.0,0.172
detectionSource,6799,13615,22.1,0.171
user_identity_id,5007,13387,16.2,0.168
src_risk_score,2850,13362,9.2,0.168
entity,6380,12986,20.7,0.163
priorities,4625,12967,15.0,0.163
entity_type,6414,12828,20.8,0.161
UserAgent,397,12153,1.3,0.153
user_priority,4331,11853,14.0,0.149
filePath,1875,11456,6.1,0.144
MITRE,4810,11203,15.6,0.141
process,903,11062,2.9,0.139
destinationHostName,4201,10853,13.6,0.137
userPrincipalName,4693,10098,15.2,0.127
investigationState,4490,8980,14.6,0.113
priority,4479,8958,14.5,0.113
name,948,8899,3.1,0.112
Description,449,8451,1.5,0.106
user_bunit,1806,8417,5.9,0.106
user_watchlist,4091,8321,13.3,0.105
vt_whois,68,8230,0.2,0.104
asn_route,1298,8102,4.2,0.102
accountName,3813,7970,12.4,0.1
EventCode,3649,7789,11.8,0.098
orig_queue_id,3871,7742,12.6,0.097
alertId,3210,7741,10.4,0.097
DetectName,354,7366,1.1,0.093
indicator,3336,7301,10.8,0.092
user_work_city,1735,6735,5.6,0.085
Country,2482,6685,8.1,0.084
dest_risk_score,2768,6508,9.0,0.082
EventData_Xml,109,6478,0.4,0.081
user_work_country,1973,6395,6.4,0.08
src_risk_object_type,2850,5700,9.2,0.072
FalconHostLink,1447,5687,4.7,0.072
TechniqueTactic,948,5606,3.1,0.071
PatternDispositionDescription,1087,5598,3.5,0.07
dest_risk_object_type,2768,5536,9.0,0.07
notes,387,5516,1.3,0.069
Objective,1501,5499,4.9,0.069
mitre_tactic_id,2746,5492,8.9,0.069
mitre_technique_id,2746,5492,8.9,0.069
risk_object_asset,611,5268,2.0,0.066
CommandLine,397,5265,1.3,0.066
latestMessage,153,5255,0.5,0.066
_risk_user,2530,5250,8.2,0.066
requestURL,1459,5175,4.7,0.065
detection_details,87,5093,0.3,0.064
OS,1183,5004,3.8,0.063
orig_sourcetype,2405,5002,7.8,0.063
asn_name,1298,5001,4.2,0.063
user_work_lat,1586,4943,5.1,0.062
user_work_long,1586,4939,5.1,0.062
processCommandLine,183,4938,0.6,0.062
destinationPort,1509,4893,4.9,0.062
target_user,279,4778,0.9,0.06
user_managedBy,1227,4576,4.0,0.058
id,2178,4560,7.1,0.057
threat_description,93,4319,0.3,0.054
ApplicationId,840,4310,2.7,0.054
vt_collections,376,4153,1.2,0.052
munge_alertID,2068,4136,6.7,0.052
City,1619,4134,5.3,0.052
iplocation_city,1091,4016,3.5,0.051
iploaction_lat,1296,3964,4.2,0.05
iplocation_lon,1296,3964,4.2,0.05
iplocation_country,1296,3905,4.2,0.049
user_agents,227,3877,0.7,0.049
file path,137,3832,0.4,0.048
command_samples,27,3797,0.1,0.048
iplocation_region,1097,3664,3.6,0.046
indicators,90,3601,0.3,0.045
orig_index,1782,3564,5.8,0.045
last_time,1767,3544,5.7,0.045
IOC,1592,3542,5.2,0.045
BrowserType,1200,3530,3.9,0.044
alertUrl,1385,3510,4.5,0.044
sourceHostName,1646,3496,5.3,0.044
sourceUserId,1401,3458,4.5,0.043
first_time,1713,3440,5.6,0.043
ParentCommandLine,351,3424,1.1,0.043
fileHashSha256,1505,3395,4.9,0.043
Command_Line,37,3333,0.1,0.042
object,72,3303,0.2,0.042
firstTime,1561,3205,5.1,0.04
lat,1361,3191,4.4,0.04
lon,1361,3191,4.4,0.04
actions,1081,3160,3.5,0.04
orig_host,1399,3156,4.5,0.04
tried_accounts,87,3099,0.3,0.039
destinationProcessName,773,3038,2.5,0.038
dest_asset,478,2927,1.6,0.037
orig_host_risk_score,1064,2911,3.5,0.037
parent_process,802,2899,2.6,0.036
Region,1108,2886,3.6,0.036
LogonError,1102,2812,3.6,0.035
source_count,1390,2780,4.5,0.035
risk_threshold,1386,2772,4.5,0.035
risk_event_count,1386,2772,4.5,0.035
userSid,555,2765,1.8,0.035
all_risk_objects,1363,2747,4.4,0.035
appDisplayName,278,2706,0.9,0.034
IOC_Type,1345,2690,4.4,0.034
event_count,1332,2664,4.3,0.034
asn_asn,1298,2616,4.2,0.033
location_city,1030,2615,3.3,0.033
asn_type,1298,2596,4.2,0.033
asn_user_count_total,1296,2592,4.2,0.033
vt_as_owner,742,2569,2.4,0.032
const_dedup_id,233,2563,0.8,0.032
process_name,801,2558,2.6,0.032
success_count,1274,2548,4.1,0.032
Operation,1118,2547,3.6,0.032
src_user_risk_score,1255,2533,4.1,0.032
src_user_risk_object_type,1255,2510,4.1,0.032
Group_Name,651,2487,2.1,0.031
vt_id,946,2467,3.1,0.031
src_asset,299,2449,1.0,0.031
serviceSource,1213,2427,3.9,0.031
parent_process_name,813,2418,2.6,0.03
vendor_product,597,2408,1.9,0.03
IncidentDescription,52,2362,0.2,0.03
dst,106,2348,0.3,0.03
_risk_system,1154,2344,3.7,0.029
failure_count,1169,2338,3.8,0.029
_url_sha256,1153,2306,3.7,0.029
action_taken,487,2304,1.6,0.029
user_type,1147,2300,3.7,0.029
alertName,949,2278,3.1,0.029
subjects,271,2268,0.9,0.029
entityType,593,2266,1.9,0.029
known_device,420,2212,1.4,0.028
mac,1092,2184,3.5,0.027
drilldown_earliest_offset,1068,2136,3.5,0.027
drilldown_latest_offset,1068,2136,3.5,0.027
orig_host_risk_object_type,1064,2128,3.5,0.027
defender_alertId,1034,2093,3.4,0.026
UserId,415,2088,1.3,0.026
user_sid,522,2073,1.7,0.026
vt_detections,946,2069,3.1,0.026
primaryindicator,89,2059,0.3,0.026
total_events,1025,2050,3.3,0.026
Message,48,2049,0.2,0.026
risk_object_nt_host,611,2045,2.0,0.026
vt_reputation,946,2039,3.1,0.026
factor,536,2032,1.7,0.026
fileHashMd5,976,2031,3.2,0.026
SHA256String,949,2013,3.1,0.025
deviceDnsName,893,2004,2.9,0.025
risk_object_priority,1001,2002,3.2,0.025
actor,985,1974,3.2,0.025
totalSuccesses,986,1972,3.2,0.025
Computer_Name,986,1972,3.2,0.025
totalFailures,985,1970,3.2,0.025
deviceHostname,978,1960,3.2,0.025
vt_comments,919,1949,3.0,0.025
risk_object_ip,561,1943,1.8,0.024
hostName,957,1926,3.1,0.024
QuarantineFile,949,1899,3.1,0.024
event_LocalIP,949,1898,3.1,0.024
QuarantineMachine,949,1898,3.1,0.024
MACAddress,948,1896,3.1,0.024
vt_total_engines,946,1894,3.1,0.024
Computer,848,1859,2.8,0.023
risk_object_identity,494,1842,1.6,0.023
risk_object_mac,432,1808,1.4,0.023
user_details,309,1786,1.0,0.022
actor_user_name,591,1784,1.9,0.022
destinationDnsDomain,587,1783,1.9,0.022
details,148,1776,0.5,0.022
rule,623,1771,2.0,0.022
drilldown_dashboards,854,1708,2.8,0.021
vt_categories,169,1691,0.5,0.021
Caller_User_Name,730,1657,2.4,0.021
MD5String,803,1646,2.6,0.021
risk_object_country,561,1630,1.8,0.021
authentication_service,712,1598,2.3,0.02
location_countryOrRegion,753,1587,2.4,0.02
ActorIpAddress,497,1535,1.6,0.019
deviceDetail_operatingSystem,427,1531,1.4,0.019
dest_pci_domain,742,1519,2.4,0.019
Technique,448,1515,1.5,0.019
src_pci_domain,754,1509,2.4,0.019
src_zone,744,1488,2.4,0.019
vt_network,742,1484,2.4,0.019
vt_asn,742,1484,2.4,0.019
Time,144,1473,0.5,0.019
risk_object_sources,603,1465,2.0,0.018
vt_country,732,1464,2.4,0.018
dest_is_expected,731,1462,2.4,0.018
orca:site,730,1460,2.4,0.018
lastTime,691,1457,2.2,0.018
src_is_expected,719,1439,2.3,0.018
user_phone,524,1428,1.7,0.018
Source_Workstation,665,1406,2.2,0.018
Countries_30d,287,1395,0.9,0.018
go_live_status,687,1374,2.2,0.017
lookup_site,687,1374,2.2,0.017
ipinfo_abuse_address,129,1371,0.4,0.017
user_startDate,271,1371,0.9,0.017
risk_object_identity_tag,436,1369,1.4,0.017
ClientIP,658,1368,2.1,0.017
country,666,1333,2.2,0.017
risk_object_city,454,1332,1.5,0.017
classification,446,1326,1.4,0.017
unix_group,662,1324,2.1,0.017
unix_category,662,1324,2.1,0.017
risk_object_nick,422,1309,1.4,0.016
src_count,633,1266,2.1,0.016
risk_object_long,462,1252,1.5,0.016
risk_object_lat,462,1252,1.5,0.016
User,624,1248,2.0,0.016
Device_IP_Address,33,1243,0.1,0.016
fileHash,409,1236,1.3,0.016
risk_object_pci_domain,611,1222,2.0,0.015
risk_object_asset_id,611,1222,2.0,0.015
RequestType,280,1211,0.9,0.015
verdict,603,1206,2.0,0.015
dest_nt_host,473,1201,1.5,0.015
dest_dns,467,1192,1.5,0.015
azure_AlertId,592,1192,1.9,0.015
TaskContent,22,1171,0.1,0.015
ip,580,1164,1.9,0.015
Tactic,448,1162,1.5,0.015
EventName,126,1143,0.4,0.014
location_state,483,1132,1.6,0.014
time_diff,566,1132,1.8,0.014
stdevcount,560,1120,1.8,0.014
avg_count,560,1120,1.8,0.014
LoginTime,560,1120,1.8,0.014
sourceMacAddress,368,1120,1.2,0.014
file,366,1115,1.2,0.014
domainName,546,1103,1.8,0.014
dest_country,388,1099,1.3,0.014
user_title,220,1092,0.7,0.014
dest_city,367,1083,1.2,0.014
statusErrorCode,540,1080,1.8,0.014
prev_country,540,1080,1.8,0.014
aadUserId,533,1072,1.7,0.013
src_city,279,1072,0.9,0.013
SubjectUserName,516,1066,1.7,0.013
risk_object_last,493,1059,1.6,0.013
threat_name,257,1056,0.8,0.013
ComputerName,342,1052,1.1,0.013
dest_zone,514,1037,1.7,0.013
targetResources{}_modifiedProperties{}_newValue,34,1036,0.1,0.013
TargetUser,365,1032,1.2,0.013
risk_object_first,490,1026,1.6,0.013
dest_ips,376,1020,1.2,0.013
applicationName,184,1012,0.6,0.013
dest_lat,388,995,1.3,0.013
dest_long,388,995,1.3,0.013
src_requires_av,497,994,1.6,0.013
src_should_update,497,994,1.6,0.013
src_should_timesync,497,994,1.6,0.013
dest_asset_id,477,992,1.5,0.012
user_count,496,992,1.6,0.012
risk_object_identity_id,494,988,1.6,0.012
TargetUserName,341,985,1.1,0.012
src_long,286,981,0.9,0.012
src_lat,286,981,0.9,0.012
risk_object_email,486,975,1.6,0.012
users_created,487,974,1.6,0.012
sourceTranslatedAddress,481,974,1.6,0.012
duser,478,962,1.6,0.012
dest_count,477,954,1.5,0.012
query,187,953,0.6,0.012
risk_object_dns,371,951,1.2,0.012
defender_incident_url,474,948,1.5,0.012
vt_info,69,948,0.2,0.012
deviceDetail_displayName,142,941,0.5,0.012
event_type,467,934,1.5,0.012
messages,13,933,0.0,0.012
dest_user,289,932,0.9,0.012
sha256,328,925,1.1,0.012
Countries_24H,287,924,0.9,0.012
z_score,461,922,1.5,0.012
Location,33,919,0.1,0.012
src_country,295,915,1.0,0.012
SeverityName,448,896,1.5,0.011
type,179,893,0.6,0.011
TaskContentNew,16,892,0.1,0.011
dest_bunit,358,883,1.2,0.011
destinationMacAddress,263,882,0.9,0.011
threat,200,877,0.6,0.011
IdentityProtectionIncidentId,52,877,0.2,0.011
cs_alert_id,291,873,0.9,0.011
orig_eventtype,282,846,0.9,0.011
src_nt_host,281,837,0.9,0.011
dest_requires_av,416,832,1.3,0.01
AccessRights,413,826,1.3,0.01
risk_object_bunit,338,814,1.1,0.01
accounts_compromised,403,806,1.3,0.01
user_data_source,145,802,0.5,0.01
environment,398,801,1.3,0.01
dhost,149,791,0.5,0.01
event_type_id,388,776,1.3,0.01
vendor_action,376,773,1.2,0.01
sourceDnsDomain,243,772,0.8,0.01
dest_priority,383,769,1.2,0.01
IncidentType,52,766,0.2,0.01
risk_object_work_city,321,765,1.0,0.01
failure_reason,104,761,0.3,0.01
vt_jarm,275,760,0.9,0.01
userAgent,57,756,0.2,0.01
note,108,755,0.4,0.009
targetResources{}_modifiedProperties{}_displayName,34,747,0.1,0.009
TargetResource,219,743,0.7,0.009
indicator_description,13,742,0.0,0.009
device,323,741,1.0,0.009
domain,354,738,1.1,0.009
transportProtocol,367,736,1.2,0.009
Group_Domain,365,731,1.2,0.009
risk_object_system,354,708,1.1,0.009
ParentImageFileName,351,707,1.1,0.009
UserName,352,704,1.1,0.009
ipinfo_src_lookup,131,699,0.4,0.009
current_country,287,695,0.9,0.009
earliestTime,347,694,1.1,0.009
ipinfo_ip,130,691,0.4,0.009
TargetSid,214,690,0.7,0.009
ips,227,686,0.7,0.009
user_info,39,679,0.1,0.009
user_endDate,270,678,0.9,0.009
risk_object_work_country,330,666,1.1,0.008
DeviceDescription,81,647,0.3,0.008
LatestLogin,323,646,1.0,0.008
risk_object_work_lat,323,646,1.0,0.008
risk_object_work_long,323,646,1.0,0.008
raw_payload,9,643,0.0,0.008
src_bunit,242,642,0.8,0.008
risk_object_is_expected,321,642,1.0,0.008
PolicyName,88,636,0.3,0.008
src_user_identity,163,634,0.5,0.008
suser,311,629,1.0,0.008
integration,93,627,0.3,0.008
ti_urls,279,627,0.9,0.008
user_name,203,618,0.7,0.008
risk_object_owner,290,615,0.9,0.008
risk_object_user,306,612,1.0,0.008
latestTime,303,606,1.0,0.008
src_asset_id,299,599,1.0,0.008
sourceNtDomain,295,597,1.0,0.008
vt_tags,227,577,0.7,0.007
dc_countries_30d,287,574,0.9,0.007
dc_countries_24h,287,574,0.9,0.007
svc_account,265,572,0.9,0.007
EventCodes,252,572,0.8,0.007
victims,279,567,0.9,0.007
senders,279,567,0.9,0.007
destinationNtDomain,278,560,0.9,0.007
url_domain_path,279,558,0.9,0.007
total_attacks,279,558,0.9,0.007
dc_target_user,269,538,0.9,0.007
src_priority,266,533,0.9,0.007
total_count,265,530,0.9,0.007
ipinfo_abuse_name,131,527,0.4,0.007
ipinfo_company_name,128,527,0.4,0.007
vt_tld,202,526,0.7,0.007
EventType,175,525,0.6,0.007
services,106,514,0.3,0.006
SourceAccount,256,512,0.8,0.006
service,185,507,0.6,0.006
authentication_method,247,494,0.8,0.006
src_user_identity_tag,106,490,0.3,0.006
BoundaryRanges,243,487,0.8,0.006
ModifiedProperties_NewValue,26,486,0.1,0.006
timestr,108,474,0.4,0.006
hostname,140,471,0.5,0.006
failure_reason_azure,9,464,0.0,0.006
user_risk_object,231,462,0.7,0.006
sntdom,227,461,0.7,0.006
SessionId,227,455,0.7,0.006
Distance,227,454,0.7,0.006
DisplayName,106,453,0.3,0.006
TargetResourceId,219,439,0.7,0.006
ModifiedProperties,16,434,0.1,0.005
Caller_User_SID,214,432,0.7,0.005
Caller_Privileged_Role,214,428,0.7,0.005
defender_id,213,427,0.7,0.005
dntdom,210,424,0.7,0.005
src_user_agent,26,418,0.1,0.005
Params,15,417,0.0,0.005
logdesc,41,413,0.1,0.005
applicationId,171,412,0.6,0.005
Name,154,407,0.5,0.005
Unknown_Device,203,406,0.7,0.005
session_id,187,399,0.6,0.005
dest_location,134,395,0.4,0.005
ipinfo_abuse_network,131,388,0.4,0.005
attack_type,77,387,0.2,0.005
shost,178,385,0.6,0.005
command,67,385,0.2,0.005
ipinfo_city,131,383,0.4,0.005
EventDescription,63,379,0.2,0.005
file_count,188,376,0.6,0.005
ipinfo_region,131,374,0.4,0.005
dest_user_agent,26,372,0.1,0.005
vt_registrar,51,369,0.2,0.005
client_ip,181,362,0.6,0.005
dest_interface,180,360,0.6,0.005
group_name,106,357,0.3,0.004
src_user_watchlist,178,356,0.6,0.004
malicious_filePath,82,356,0.3,0.004
operation,154,356,0.5,0.004
destinationTranlsatedAddress,177,354,0.6,0.004
src_location,140,354,0.5,0.004
src_user_nick,100,351,0.3,0.004
deviceDirection,175,350,0.6,0.004
email,161,350,0.5,0.004
tunnel_type,175,350,0.6,0.004
client_location,134,342,0.4,0.004
TargetUserSid,148,335,0.5,0.004
city,139,331,0.5,0.004
src_user_category,98,330,0.3,0.004
src_user_last,153,330,0.5,0.004
failures,112,330,0.4,0.004
loc,132,329,0.4,0.004
src_user_identity_id,163,328,0.5,0.004
ipinfo_postal,131,327,0.4,0.004
ipinfo_lon,131,325,0.4,0.004
src_user_email,156,325,0.5,0.004
ipinfo_lat,131,325,0.4,0.004
version,155,320,0.5,0.004
file_downloaded,137,314,0.4,0.004
attacker_mac,153,312,0.5,0.004
country_count,154,308,0.5,0.004
ModifiedProperties{}_NewValue,21,307,0.1,0.004
ipinfo_timezone,131,305,0.4,0.004
WorkstationName,116,304,0.4,0.004
sha1,125,301,0.4,0.004
delta,150,300,0.5,0.004
device_os_count,147,294,0.5,0.004
potential_compromised_creds,147,294,0.5,0.004
devicename_count,147,294,0.5,0.004
ipinfo_country,131,293,0.4,0.004
src_user_first,136,289,0.4,0.004
Target_ID,26,289,0.1,0.004
attacker_ssid,144,288,0.5,0.004
activityDisplayName,56,288,0.2,0.004
ipinfo_abuse_email,131,286,0.4,0.004
ipinfo_total_domains,131,279,0.4,0.004
city_count,139,278,0.5,0.003
service_count,139,278,0.5,0.003
threat_key,53,278,0.2,0.003
ipinfo_abuse_country,131,275,0.4,0.003
ipinfo_company_domain,128,273,0.4,0.003
app_name,135,270,0.4,0.003
detection_id,135,270,0.4,0.003
proxy,133,268,0.4,0.003
ipinfo_vpn,131,268,0.4,0.003
ipinfo_company_type,128,268,0.4,0.003
asn_domain,133,268,0.4,0.003
urlclass,70,266,0.2,0.003
RuleName,85,263,0.3,0.003
ipinfo_relay,131,262,0.4,0.003
ipinfo_hosting,131,262,0.4,0.003
ipinfo_tor,131,262,0.4,0.003
vt_url,130,260,0.4,0.003
sender_email,114,255,0.4,0.003
ipinfo_abuse_phone,96,248,0.3,0.003
UserKey,83,246,0.3,0.003
conn_direction,121,242,0.4,0.003
values(ApplicationId),31,241,0.1,0.003
src_user_priority,118,238,0.4,0.003
cloudflare_domains_known,58,238,0.2,0.003
Parameters{}_Value,39,234,0.1,0.003
destination_1,48,233,0.2,0.003
unique_services,116,232,0.4,0.003
ConnectionsPerSecond,116,232,0.4,0.003
TaskName,80,228,0.3,0.003
appId,96,227,0.3,0.003
parentProcessFileName,85,226,0.3,0.003
DomainControllerName,36,226,0.1,0.003
threat_category,110,226,0.4,0.003
unique_action,112,224,0.4,0.003
detection_name,105,222,0.3,0.003
unique_process_count,109,218,0.4,0.003
confidenceLevel,109,218,0.4,0.003
source_item_name,59,217,0.2,0.003
is_prohibited,108,216,0.4,0.003
Top_DestPort,108,216,0.4,0.003
logon_error_response,52,214,0.2,0.003
agentIpV4,106,212,0.3,0.003
latest_status,106,212,0.3,0.003
externalIp,106,212,0.3,0.003
machine_name,104,211,0.3,0.003
mitigation_status,104,208,0.3,0.003
bin_start,104,208,0.3,0.003
auth_failures,104,208,0.3,0.003
auth_successes,104,208,0.3,0.003
severity_id,104,208,0.3,0.003
orig_raw,10,206,0.0,0.003
ForwardingSmtpAddress,99,202,0.3,0.003
Confidence,88,200,0.3,0.003
deviceId,100,200,0.3,0.003
eventcode_count,100,200,0.3,0.003
count_src_user,99,198,0.3,0.002
agentIpV6,99,198,0.3,0.002
TargetApplication,96,197,0.3,0.002
Actor_ID,26,195,0.1,0.002
method,91,195,0.3,0.002
max_successes,97,194,0.3,0.002
app_ids,26,194,0.1,0.002
src_user_bunit,49,193,0.2,0.002
max_failures,96,192,0.3,0.002
http_user_agent,20,190,0.1,0.002
Logon_Type,95,190,0.3,0.002
SourceAccountName,94,188,0.3,0.002
crowdstrike_url,94,188,0.3,0.002
activityType,62,186,0.2,0.002
state,72,185,0.2,0.002
username,91,182,0.3,0.002
isOutlier,90,180,0.3,0.002
upperBound,90,180,0.3,0.002
eventName,5,178,0.0,0.002
startTime,75,177,0.2,0.002
PolicyId,88,177,0.3,0.002
endTime,75,177,0.2,0.002
ipinfo_hostname,42,177,0.1,0.002
msg,7,175,0.0,0.002
comp_std,87,174,0.3,0.002
comp_avg,87,174,0.3,0.002
unique_accounts,87,174,0.3,0.002
SourceIP,86,172,0.3,0.002
MailRuleId,85,170,0.3,0.002
State,66,169,0.2,0.002
dvc_name,58,165,0.2,0.002
values_OS,26,158,0.1,0.002
AD_Target_Category,37,158,0.1,0.002
identity_tag,35,157,0.1,0.002
LogonType,78,156,0.3,0.002
successful_user_agent,11,155,0.0,0.002
associatedFile,46,155,0.1,0.002
policy_name,77,154,0.2,0.002
workstation,77,154,0.2,0.002
Account_Name,77,154,0.2,0.002
event_name,76,152,0.2,0.002
id_applicationName,76,152,0.2,0.002
actor_email,76,152,0.2,0.002
event_parameters{}_value,76,152,0.2,0.002
Category,52,151,0.2,0.002
dvc_risk_score,75,150,0.2,0.002
response_code,75,150,0.2,0.002
dvc_should_timesync,75,150,0.2,0.002
dvc_should_update,75,150,0.2,0.002
dvc_risk_object_type,75,150,0.2,0.002
dvc,75,150,0.2,0.002
dvc_requires_av,75,150,0.2,0.002
Privilege_Level,37,150,0.1,0.002
dvc_is_expected,75,150,0.2,0.002
dvc_pci_domain,75,150,0.2,0.002
refererURL,56,148,0.2,0.002
vendor_account,73,146,0.2,0.002
detection_values,42,146,0.1,0.002
src_user_work_city,67,145,0.2,0.002
sender,65,144,0.2,0.002
actor_id,16,144,0.1,0.002
application,14,144,0.0,0.002
urlcategory,56,144,0.2,0.002
originsicname,71,142,0.2,0.002
urls,14,141,0.0,0.002
ModifiedProperties_Name,26,139,0.1,0.002
AD_Groups_Names,33,138,0.1,0.002
recipient_email,63,138,0.2,0.002
processId,35,137,0.1,0.002
changed_users,3,136,0.0,0.002
dest_hostname,50,136,0.2,0.002
total_failures,68,136,0.2,0.002
values(OS),31,135,0.1,0.002
src_user_work_country,67,135,0.2,0.002
risk_object_watchlist,67,134,0.2,0.002
signature_id,54,133,0.2,0.002
loggedByService,44,132,0.1,0.002
values(SystemTime),13,129,0.0,0.002
userCount,63,126,0.2,0.002
MatchedDevice,62,124,0.2,0.002
userDisplayName,44,124,0.1,0.002
failed_src,14,122,0.0,0.002
failed_user_agent,11,122,0.0,0.002
source_owned_by_login,59,120,0.2,0.002
deviceProcessName,15,120,0.0,0.002
failed_region,13,120,0.0,0.002
PWD,59,118,0.2,0.001
Error_Code,35,117,0.1,0.001
defanged_query,58,116,0.2,0.001
indicator_json,2,116,0.0,0.001
emailAlert,58,116,0.2,0.001
devices_compromised,58,116,0.2,0.001
extension,56,114,0.2,0.001
unique_app_ids,57,114,0.2,0.001
threatStatus,57,114,0.2,0.001
failed_attempts,57,114,0.2,0.001
last_CountryOrRegion,40,114,0.1,0.001
src_ip_count,57,114,0.2,0.001
unique_user_agents,57,114,0.2,0.001
parentProcessFilePath,35,113,0.1,0.001
only_failed_src,14,113,0.0,0.001
potential_trojan,23,111,0.1,0.001
xdr_url,55,110,0.2,0.001
incident_id,55,110,0.2,0.001
message_id,10,109,0.0,0.001
eventCount,54,108,0.2,0.001
parentProcessId,35,107,0.1,0.001
access_device_browser,31,106,0.1,0.001
blocked_category,38,105,0.1,0.001
Failed_MFA_Attempts,52,104,0.2,0.001
work_country_name,34,104,0.1,0.001
user_field,52,104,0.2,0.001
targetResources{}_modifiedProperties{}_oldValue,34,102,0.1,0.001
targetResources{}_userPrincipalName,34,102,0.1,0.001
threatURL,50,100,0.2,0.001
nick,33,100,0.1,0.001
AuthenticationMethod,33,99,0.1,0.001
conditionalAccessStatus,46,99,0.1,0.001
event_CompositeId,33,99,0.1,0.001
values(DeviceDescription),13,99,0.0,0.001
ise_servername,33,97,0.1,0.001
access_device_location_country,31,97,0.1,0.001
access_device_location_state,31,97,0.1,0.001
attack_duration,32,96,0.1,0.001
alert_categories,40,96,0.1,0.001
privileged_role,48,96,0.2,0.001
threat_id,48,96,0.2,0.001
clientpublicIP,47,94,0.2,0.001
access_device_epkey,31,94,0.1,0.001
user_key,31,93,0.1,0.001
src_owner,34,93,0.1,0.001
dc_users,46,92,0.1,0.001
Top_Rule,30,88,0.1,0.001
access_device_location_city,31,88,0.1,0.001
Arguments,10,88,0.0,0.001
UserID,28,88,0.1,0.001
users,41,86,0.1,0.001
access_device_os,31,86,0.1,0.001
access_device_ip,31,85,0.1,0.001
task_name,7,85,0.0,0.001
access_device_browser_version,31,84,0.1,0.001
auth_device_location_state,26,84,0.1,0.001
devname,41,82,0.1,0.001
auth_device_location_country,26,82,0.1,0.001
remip,41,82,0.1,0.001
work_city,34,81,0.1,0.001
portal,28,81,0.1,0.001
last_lat,40,80,0.1,0.001
isDynDNS,40,80,0.1,0.001
last_src,40,80,0.1,0.001
last_lon,40,80,0.1,0.001
last_action,40,80,0.1,0.001
src_user_work_long,40,80,0.1,0.001
timeDiff_hours,40,80,0.1,0.001
access_device_os_version,31,80,0.1,0.001
src_user_work_lat,40,80,0.1,0.001
destinationHost,40,80,0.1,0.001
ResultStatus,39,78,0.1,0.001
assigned_ip,28,78,0.1,0.001
operatingSystem,39,78,0.1,0.001
stage,28,78,0.1,0.001
info,7,77,0.0,0.001
Workstation_Name,27,77,0.1,0.001
logonTypeDesc,27,77,0.1,0.001
times,13,77,0.0,0.001
Applications,21,77,0.1,0.001
auth_device_location_city,26,76,0.1,0.001
detectionStatus,35,76,0.1,0.001
days_dec,38,76,0.1,0.001
Scope,17,75,0.1,0.001
size,31,74,0.1,0.001
hash_id,35,74,0.1,0.001
friendlyName,3,73,0.0,0.001
unique_dcs,36,72,0.1,0.001
mitre_technique_id_count,36,72,0.1,0.001
status_errorCode,32,72,0.1,0.001
filetype,12,72,0.0,0.001
mitre_tactic_id_count,36,72,0.1,0.001
last,35,71,0.1,0.001
first,35,71,0.1,0.001
activityDisplayName_count,35,70,0.1,0.001
targetResources{}_id,35,70,0.1,0.001
auth_device_ip,26,70,0.1,0.001
last_city,30,70,0.1,0.001
virtualization_hosts,13,69,0.0,0.001
distinct_eventcodes,34,68,0.1,0.001
work_lat,34,68,0.1,0.001
avg,34,68,0.1,0.001
work_long,34,68,0.1,0.001
targetResources{}_type,34,68,0.1,0.001
work_country,34,68,0.1,0.001
access_device_flash_version,31,66,0.1,0.001
access_device_java_version,31,66,0.1,0.001
recipient,32,66,0.1,0.001
ModifiedProperties{}_Name,3,65,0.0,0.001
resultReason,10,65,0.0,0.001
values(threshold),32,64,0.1,0.001
SignInAlert,8,64,0.0,0.001
app_technology,32,64,0.1,0.001
Destination_Hosts,10,64,0.0,0.001
app_subcategory,32,64,0.1,0.001
initiatedBy_app_displayName,29,64,0.1,0.001
ipinfo_domains,22,64,0.1,0.001
System_Props_Xml,7,63,0.0,0.001
Group,13,63,0.0,0.001
src_user_managedBy,20,63,0.1,0.001
SubjectUserSid,31,63,0.1,0.001
user_last_count,31,62,0.1,0.001
vm_hosts,13,62,0.0,0.001
user_first_count,31,62,0.1,0.001
user_nick_count,31,62,0.1,0.001
login_type,31,62,0.1,0.001
updated_id,28,61,0.1,0.001
securityGroupId,6,61,0.0,0.001
PLATFORM_UPDATE_PLAYBOOK,20,60,0.1,0.001
srctype,30,60,0.1,0.001
2_hours_ago,30,60,0.1,0.001
oldfilePath,5,60,0.0,0.001
processName,27,60,0.1,0.001
src_host,30,60,0.1,0.001
last_hour,30,60,0.1,0.001
src_user_phone,17,59,0.1,0.001
email_url,28,59,0.1,0.001
signatures,6,59,0.0,0.001
securityGroupName,3,59,0.0,0.001
total_users,29,58,0.1,0.001
ip_address,28,58,0.1,0.001
initiatedBy_app_servicePrincipalId,29,58,0.1,0.001
Display_Name,18,58,0.1,0.001
sourceUsername,29,58,0.1,0.001
total_successful_logins,29,58,0.1,0.001
ClassName,26,58,0.1,0.001
cloned_site,28,57,0.1,0.001
key,28,56,0.1,0.001
canarytoken,28,56,0.1,0.001
additionalDetails,7,56,0.0,0.001
acknowledgement,28,56,0.1,0.001
ioc_type,28,56,0.1,0.001
url_ioc,28,56,0.1,0.001
auth_device_name,27,56,0.1,0.001
dest_ip_count,28,56,0.1,0.001
lolbas_mitre_attack,13,55,0.0,0.001
logonType,27,55,0.1,0.001
header_referer,27,55,0.1,0.001
deletion_count,27,54,0.1,0.001
user_first_unique_count,27,54,0.1,0.001
SrcUser,27,54,0.1,0.001
src_app,27,54,0.1,0.001
distance,27,54,0.1,0.001
user_last_unique_count,27,54,0.1,0.001
auth_device_key,27,54,0.1,0.001
GB_out,27,54,0.1,0.001
total_threat_score,27,54,0.1,0.001
ClientFriendlyName,14,53,0.0,0.001
dest_region,26,53,0.1,0.001
Intents,12,53,0.0,0.001
Subject_Account_Name,25,53,0.1,0.001
dest_tag,26,52,0.1,0.001
successful_logins,26,52,0.1,0.001
dest_normal_location,26,52,0.1,0.001
src_tag,26,52,0.1,0.001
src_normal_location,26,52,0.1,0.001
dest_abnormal_login,26,52,0.1,0.001
speed,26,52,0.1,0.001
src_abnormal_login,26,52,0.1,0.001
folder_deletions,26,52,0.1,0.001
total_deletions,26,52,0.1,0.001
values(DeviceId),13,52,0.0,0.001
file_deletions,26,52,0.1,0.001
dest_day_count,26,52,0.1,0.001
src_day_count,26,52,0.1,0.001
src_region,26,52,0.1,0.001
dest_app,26,52,0.1,0.001
status_latest,25,50,0.1,0.001
lastUpdateDateTime,25,50,0.1,0.001
severity_initial,25,50,0.1,0.001
evidence_types,25,50,0.1,0.001
spath_evidence_count_per_event,25,50,0.1,0.001
spath_total_evidence_count,25,50,0.1,0.001
createdDateTime,25,50,0.1,0.001
severity_latest,25,50,0.1,0.001
osPlatform,20,50,0.1,0.001
status_initial,25,50,0.1,0.001
detection_value,23,49,0.1,0.001
osBuild,20,49,0.1,0.001
group,24,48,0.1,0.001
role_name,16,48,0.1,0.001
bytes,24,48,0.1,0.001
rbacGroupName,12,47,0.0,0.001
_raw,1,47,0.0,0.001
indicator_labeled,23,46,0.1,0.001
md5,4,46,0.0,0.001
onboardingStatus,20,46,0.1,0.001
healthStatus,20,45,0.1,0.001
processUser,19,45,0.1,0.001
days_absent,22,44,0.1,0.001
oldfileHash,5,44,0.0,0.001
additionalDetails{}_value,4,44,0.0,0.001
oldfileName,5,44,0.0,0.001
bunit,18,43,0.1,0.001
registryKey,9,43,0.0,0.001
Data_sources,21,42,0.1,0.001
uploaded_data,21,42,0.1,0.001
signature_count,21,42,0.1,0.001
Data_destination,21,42,0.1,0.001
duration,8,40,0.0,0.001
failed_user_count,20,40,0.1,0.001
Target_Account_Domain,20,40,0.1,0.001
normalized_identity,10,40,0.0,0.001
Lateral_Types,10,40,0.0,0.001
log_action,7,40,0.0,0.001
success_user_count,20,40,0.1,0.001
Account_User,9,39,0.0,0.0
@odata_type,10,39,0.0,0.0
events,13,39,0.0,0.0
signature_day_count,4,39,0.0,0.0
SystemTime,13,39,0.0,0.0
log_event_prob,19,38,0.1,0.0
latest_ipAddress,19,38,0.1,0.0
size_rounded_mb,19,38,0.1,0.0
unique_md5,19,38,0.1,0.0
max_freq,19,38,0.1,0.0
probable_cause_freq,19,38,0.1,0.0
unique_hashes,19,38,0.1,0.0
detection_count,19,38,0.1,0.0
operationType,18,38,0.1,0.0
unique_signatures,19,38,0.1,0.0
probable_cause,19,38,0.1,0.0
user_display_name,10,37,0.0,0.0
Subject,4,37,0.0,0.0
action_flags,18,36,0.1,0.0
lolbas_functions,13,36,0.0,0.0
location,12,36,0.0,0.0
fileclass,12,36,0.0,0.0
totalBytes,18,36,0.1,0.0
ProviderName,18,36,0.1,0.0
Time Started _ Username _ Duration,3,35,0.0,0.0
failed_region_normal,14,35,0.0,0.0
risk_object_startDate,7,35,0.0,0.0
DeviceId,9,35,0.0,0.0
role_id,17,34,0.1,0.0
user_domain,17,34,0.1,0.0
risk_object_phone,9,34,0.0,0.0
Execution_Type,9,34,0.0,0.0
Task_Name,10,33,0.0,0.0
ConsentType,16,32,0.1,0.0
object_id,16,32,0.1,0.0
riskScore,10,32,0.0,0.0
dc_events,16,32,0.1,0.0
devices,15,31,0.0,0.0
forward_address,15,30,0.0,0.0
ActivityType,6,30,0.0,0.0
operationName,6,30,0.0,0.0
roles{},9,30,0.0,0.0
risk_object_title,6,29,0.0,0.0
answer,8,29,0.0,0.0
first_successful_login_src,14,28,0.0,0.0
deleted,14,28,0.0,0.0
ipinfo_service,9,28,0.0,0.0
latestSignIn,13,28,0.0,0.0
mdeDeviceId,8,28,0.0,0.0
values(action),14,28,0.0,0.0
sourceHost,13,28,0.0,0.0
successful_region,14,28,0.0,0.0
maxTime,14,28,0.0,0.0
failed_src_count,14,28,0.0,0.0
created,14,28,0.0,0.0
last_seen,7,28,0.0,0.0
modifiedPropertiesDisplayNameValue,8,28,0.0,0.0
risk_object_managedBy,9,28,0.0,0.0
account_life(minutes),14,28,0.0,0.0
minTime,14,28,0.0,0.0
only_failed_src_count,14,28,0.0,0.0
mitre_sub_technique,14,28,0.0,0.0
ports_scanned,7,28,0.0,0.0
ModifiedProperties{}_OldValue,3,28,0.0,0.0
lastIpAddress,8,28,0.0,0.0
successful_region_normal,14,28,0.0,0.0
critical_group,9,27,0.0,0.0
mdatpDeviceId,12,27,0.0,0.0
Subject_Account_Domain,13,26,0.0,0.0
lolbas_enable_detection,13,26,0.0,0.0
From,13,26,0.0,0.0
targetHost,13,26,0.0,0.0
lolbas_binary_match,13,26,0.0,0.0
values(Name),13,26,0.0,0.0
device_name,4,26,0.0,0.0
Actor{}_ID,3,26,0.0,0.0
values(Computer),13,26,0.0,0.0
lolbas_type,13,26,0.0,0.0
agentComputerName,13,26,0.0,0.0
values(EventCode),13,26,0.0,0.0
userAccount_userSid,5,25,0.0,0.0
tunnelname,7,24,0.0,0.0
devicehostname,12,24,0.0,0.0
Distinct_Computers,12,24,0.0,0.0
osProcessor,12,24,0.0,0.0
last_deleted_time,8,24,0.0,0.0
first_created_time,8,24,0.0,0.0
unique_usercount,12,24,0.0,0.0
values(CommandLine),1,23,0.0,0.0
message,3,23,0.0,0.0
targetUserName,10,22,0.0,0.0
Target_User,11,22,0.0,0.0
total_hits,11,22,0.0,0.0
orig_severity,4,22,0.0,0.0
traffic_count,11,22,0.0,0.0
ids_count,11,22,0.0,0.0
Command,10,22,0.0,0.0
matched_urls,11,22,0.0,0.0
abuse_address,2,21,0.0,0.0
Target{}_ID,3,21,0.0,0.0
rbacGroupId,8,21,0.0,0.0
dnsDomain,8,21,0.0,0.0
group_display_name,6,21,0.0,0.0
uri_path,7,21,0.0,0.0
Source_IP_Address,9,21,0.0,0.0
initiating_user,10,20,0.0,0.0
Unique_Destination_Count,10,20,0.0,0.0
weight,10,20,0.0,0.0
Target_Account_Name,10,20,0.0,0.0
successes,10,20,0.0,0.0
aadDeviceId,10,20,0.0,0.0
bytesOut,10,20,0.0,0.0
displayName,10,20,0.0,0.0
domains,10,20,0.0,0.0
log_cleared,10,20,0.0,0.0
SecLogo_Detected,10,20,0.0,0.0
stdev,10,20,0.0,0.0
failure_reason_count,9,19,0.0,0.0
_serial,9,18,0.0,0.0
statusDetails,2,18,0.0,0.0
access_device_hostname,4,18,0.0,0.0
actor_ip,6,18,0.0,0.0
group_id,6,18,0.0,0.0
butesIn,9,18,0.0,0.0
dest_group,6,18,0.0,0.0
sum_RecipientAddress,9,18,0.0,0.0
suspicious,9,18,0.0,0.0
Author,8,17,0.0,0.0
Hidden,8,16,0.0,0.0
Enabled,8,16,0.0,0.0
uniqueTokenIdentifier,8,16,0.0,0.0
risk_object_data_source,8,16,0.0,0.0
ids_attacks,8,16,0.0,0.0
is_acknowledged,7,16,0.0,0.0
http_method,8,16,0.0,0.0
failureReason,8,16,0.0,0.0
modifiedPropertiesDisplayNameGroup,8,16,0.0,0.0
object_category,6,15,0.0,0.0
defenderAvStatus,5,15,0.0,0.0
registry_key,3,15,0.0,0.0
latest,5,15,0.0,0.0
deviceDetail_browser,4,15,0.0,0.0
initiatedBy_user_ipAddress,7,15,0.0,0.0
earliest,5,15,0.0,0.0
shutdown,7,14,0.0,0.0
dest_owner,5,14,0.0,0.0
tardy_type,7,14,0.0,0.0
automated,7,14,0.0,0.0
risk_object_endDate,7,14,0.0,0.0
initiatedBy_user_userPrincipalName,7,14,0.0,0.0
tlp_color,7,14,0.0,0.0
LogName,7,14,0.0,0.0
NewRole,2,14,0.0,0.0
eventDescriptionCount,7,14,0.0,0.0
eventCodeCount,7,14,0.0,0.0
SourceLocation,7,14,0.0,0.0
userAccount_displayName,5,13,0.0,0.0
useragent,1,13,0.0,0.0
initiatedBy,6,12,0.0,0.0
ip_count,6,12,0.0,0.0
action_client_name,6,12,0.0,0.0
ppf_cell,4,12,0.0,0.0
browser_count,6,12,0.0,0.0
auth_method,4,12,0.0,0.0
threatclass,4,12,0.0,0.0
dest_group_domain,6,12,0.0,0.0
desktop_os_count,6,12,0.0,0.0
stack_count,6,12,0.0,0.0
mobile_os_count,6,12,0.0,0.0
Target,2,12,0.0,0.0
Source_IPs,4,12,0.0,0.0
login_challenge_method,5,11,0.0,0.0
userAccount_userPrincipalName,5,10,0.0,0.0
unique_service_count,5,10,0.0,0.0
userAccount_azureAdUserId,5,10,0.0,0.0
userAccount_accountName,5,10,0.0,0.0
userAccount_domainName,5,10,0.0,0.0
newValue,2,10,0.0,0.0
threatname,4,10,0.0,0.0
Count of IDS Attacks,2,10,0.0,0.0
browser,3,10,0.0,0.0
session_count,5,10,0.0,0.0
actor_user_id,5,10,0.0,0.0
date,5,10,0.0,0.0
fileHashSha1,5,10,0.0,0.0
logging_stopped,5,10,0.0,0.0
attack_status,2,10,0.0,0.0
internetMessageId,4,9,0.0,0.0
ExtendedProperties{}_Value,3,9,0.0,0.0
eastern_time,3,9,0.0,0.0
destinationUserId,3,9,0.0,0.0
categories,2,9,0.0,0.0
Devices,3,9,0.0,0.0
userIdentity_arn,3,9,0.0,0.0
mitigation_action,3,9,0.0,0.0
role,3,9,0.0,0.0
values(All_Email_subject),1,9,0.0,0.0
values(destinationUserName),1,9,0.0,0.0
threat_collection,4,8,0.0,0.0
file_hash_sha1,4,8,0.0,0.0
targetResource,1,8,0.0,0.0
modifiedProperties_oldValue,1,8,0.0,0.0
threat_match_field,4,8,0.0,0.0
p2SenderEmails,4,8,0.0,0.0
threat_source_id,4,8,0.0,0.0
threat_status,4,8,0.0,0.0
threat_source_path,4,8,0.0,0.0
threat_match_value,4,8,0.0,0.0
caller,4,8,0.0,0.0
scan_action,4,8,0.0,0.0
last_user,4,8,0.0,0.0
submitter_id,4,8,0.0,0.0
record_weight,4,8,0.0,0.0
values(time_duration),1,8,0.0,0.0
threat_collection_key,4,8,0.0,0.0
additionalDetails{}_key,4,8,0.0,0.0
file_paths,3,8,0.0,0.0
lastEventCode,4,8,0.0,0.0
firstEventCode,4,8,0.0,0.0
AccountsAffectedCount,4,8,0.0,0.0
loggedOnUsers{}_domainName,4,8,0.0,0.0
loggedOnUsers{}_accountName,4,8,0.0,0.0
email_malicious_confidence,4,8,0.0,0.0
device_id,4,8,0.0,0.0
class_name,4,8,0.0,0.0
threat_source_type,4,8,0.0,0.0
sig_count,4,8,0.0,0.0
mailboxAddress,3,7,0.0,0.0
app_displayName,2,7,0.0,0.0
message_id_count,3,6,0.0,0.0
detections,3,6,0.0,0.0
Channel,3,6,0.0,0.0
num_data_samples,3,6,0.0,0.0
comments,3,6,0.0,0.0
tld,3,6,0.0,0.0
lowerBound,3,6,0.0,0.0
Successes,3,6,0.0,0.0
palo_server,3,6,0.0,0.0
threatInfo_threatName,3,6,0.0,0.0
agentDetectionInfo_agentIpV6,3,6,0.0,0.0
agentDetectionInfo_externalIp,3,6,0.0,0.0
agentRealtimeInfo_agentComputerName,3,6,0.0,0.0
UID,3,6,0.0,0.0
countryOrRegion,3,6,0.0,0.0
event_Name,2,6,0.0,0.0
internal,3,6,0.0,0.0
SourceUser,3,6,0.0,0.0
activity_count,3,6,0.0,0.0
stacks,3,6,0.0,0.0
EntitlementIds,1,6,0.0,0.0
headerFrom,2,6,0.0,0.0
changed_user_count,3,6,0.0,0.0
change_count,3,6,0.0,0.0
TriggerType,1,6,0.0,0.0
agentDetectionInfo_agentIpV4,3,6,0.0,0.0
reputation,3,6,0.0,0.0
mitigation_failures,3,6,0.0,0.0
mitigation_success,3,6,0.0,0.0
p1SenderEmails,3,6,0.0,0.0
threatInfo_sha1,3,6,0.0,0.0
total_engines,3,6,0.0,0.0
Failures,3,6,0.0,0.0
Id,2,6,0.0,0.0
userAccount_activeDirectoryObjectGuid,3,6,0.0,0.0
abuse_name,2,6,0.0,0.0
result_id,3,6,0.0,0.0
OdsFileName,2,5,0.0,0.0
stack_list,1,5,0.0,0.0
changed_fields,1,5,0.0,0.0
activity,2,5,0.0,0.0
src_user_startDate,1,5,0.0,0.0
change_made,1,5,0.0,0.0
modifiedProperties_displayName,1,5,0.0,0.0
activity_details,1,5,0.0,0.0
mailboxDisplayName,1,5,0.0,0.0
company_name,2,5,0.0,0.0
account_userAccount_userSid,1,5,0.0,0.0
threat_source_digest,2,4,0.0,0.0
registryHive,2,4,0.0,0.0
UserData_Xml,1,4,0.0,0.0
threat_classification,2,4,0.0,0.0
fileVerificationType,2,4,0.0,0.0
originatorProcess,2,4,0.0,0.0
mitigationStatus,2,4,0.0,0.0
threat_group,2,4,0.0,0.0
TargetAccount,2,4,0.0,0.0
siteName,2,4,0.0,0.0
sourceUserDomain,2,4,0.0,0.0
action2,2,4,0.0,0.0
EndpointName,2,4,0.0,0.0
stanza,2,4,0.0,0.0
action1,2,4,0.0,0.0
new_process_name,2,4,0.0,0.0
destinationUserDomain,2,4,0.0,0.0
app_id,2,4,0.0,0.0
message_ids,2,4,0.0,0.0
tenant_id,2,4,0.0,0.0
originating_address,2,4,0.0,0.0
abuse_network,2,4,0.0,0.0
dest_class,2,4,0.0,0.0
company_type,2,4,0.0,0.0
abuse_phone,2,4,0.0,0.0
working_directory,2,4,0.0,0.0
fileHashSha512,2,4,0.0,0.0
originating_port,2,4,0.0,0.0
passthru_name,2,4,0.0,0.0
priorityScore,2,4,0.0,0.0
score_context,2,4,0.0,0.0
passthru_value,2,4,0.0,0.0
abuse_email,2,4,0.0,0.0
timezone,2,4,0.0,0.0
hosting,2,4,0.0,0.0
region,2,4,0.0,0.0
postal,2,4,0.0,0.0
relay,2,4,0.0,0.0
vpn,2,4,0.0,0.0
abuse_country,2,4,0.0,0.0
total_domains,2,4,0.0,0.0
cardinality,2,4,0.0,0.0
company_domain,2,4,0.0,0.0
threatUrl,2,4,0.0,0.0
phishScore,2,4,0.0,0.0
threatType,2,4,0.0,0.0
malwareScore,2,4,0.0,0.0
message_info,2,4,0.0,0.0
impostorScore,2,4,0.0,0.0
completelyRewritten,2,4,0.0,0.0
threatID,2,4,0.0,0.0
Filename,2,4,0.0,0.0
orig_cd,2,4,0.0,0.0
orig_bkt,2,4,0.0,0.0
creator_realname,1,4,0.0,0.0
Hostname,2,4,0.0,0.0
devicecount,2,4,0.0,0.0
inactiveDays,2,4,0.0,0.0
process_path,2,4,0.0,0.0
process_exec,2,4,0.0,0.0
tor,2,4,0.0,0.0
intel_source,2,4,0.0,0.0
values(new_process),1,4,0.0,0.0
aid_computer_name,2,4,0.0,0.0
event_platform,2,4,0.0,0.0
SHA256HashData,2,4,0.0,0.0
sessionId,2,4,0.0,0.0
deliveryAction,2,4,0.0,0.0
aid,2,4,0.0,0.0
vt_creation_date,2,4,0.0,0.0
spamScore,2,4,0.0,0.0
correlationId,2,4,0.0,0.0
initiated_user,2,4,0.0,0.0
openvpn_server,2,4,0.0,0.0
originating_ip,2,4,0.0,0.0
event_simpleName,2,4,0.0,0.0
CompatibleIds,1,3,0.0,0.0
parent_process_path,1,3,0.0,0.0
SourceServicePrincipal,1,3,0.0,0.0
role_display_name,1,3,0.0,0.0
loginTripNumber,1,3,0.0,0.0
deviceOS,1,3,0.0,0.0
user_arn,1,3,0.0,0.0
account_userAccount_displayName,1,3,0.0,0.0
latest_time,1,2,0.0,0.0
delay_seconds,1,2,0.0,0.0
parent_process_id,1,2,0.0,0.0
account_userAccount_accountName,1,2,0.0,0.0
account_userAccount_azureAdUserId,1,2,0.0,0.0
process_id,1,2,0.0,0.0
clientIpAddress,1,2,0.0,0.0
url_domains,1,2,0.0,0.0
requestId,1,2,0.0,0.0
SourceUserID,1,2,0.0,0.0
minutes_dec,1,2,0.0,0.0
riskState,1,2,0.0,0.0
account_userAccount_domainName,1,2,0.0,0.0
dest_user_count,1,2,0.0,0.0
rootProcessUpn,1,2,0.0,0.0
resource,1,2,0.0,0.0
creator,1,2,0.0,0.0
countryLetterCode,1,2,0.0,0.0
location_latitude,1,2,0.0,0.0
process_hash,1,2,0.0,0.0
after_concurrent_creds,1,2,0.0,0.0
parent_process_exec,1,2,0.0,0.0
process_integrity_level,1,2,0.0,0.0
location_longitude,1,2,0.0,0.0
riskLevelAggregated,1,2,0.0,0.0
account_createdDateTime,1,2,0.0,0.0
before_concurrent_creds,1,2,0.0,0.0
clientIP,1,2,0.0,0.0
providerAlertId,1,2,0.0,0.0
requestParameters_userName,1,2,0.0,0.0
hours_dec,1,2,0.0,0.0
Actor,1,2,0.0,0.0
max,1,2,0.0,0.0
dest_name,1,2,0.0,0.0
uri,1,2,0.0,0.0
clientip,1,2,0.0,0.0
user_short,1,2,0.0,0.0
forward_location,1,2,0.0,0.0
LogonProcessName,1,2,0.0,0.0
values(destinationHostName),1,2,0.0,0.0
values(dest_nt_domain),1,2,0.0,0.0
values(src_nt_domain),1,2,0.0,0.0
process_description,1,2,0.0,0.0
eventID,1,2,0.0,0.0
userName,1,2,0.0,0.0
awsRegion,1,2,0.0,0.0
errorCode,1,2,0.0,0.0
min,1,2,0.0,0.0
Action,1,2,0.0,0.0
ClassId,1,2,0.0,0.0
previous_dest_count_avg,1,2,0.0,0.0
eventSource,1,2,0.0,0.0
src_user_endDate,1,2,0.0,0.0
mean,1,2,0.0,0.0
std,1,2,0.0,0.0
Total,1,2,0.0,0.0
skipped,1,2,0.0,0.0
success,1,2,0.0,0.0
event_no,1,2,0.0,0.0
continued,1,2,0.0,0.0
prev_status,1,2,0.0,0.0
skipped_perc,1,2,0.0,0.0
current_status,1,2,0.0,0.0
skip_perc_threshold,1,2,0.0,0.0
New_Account_Account_Name,1,2,0.0,0.0
distance_score,1,2,0.0,0.0
max_time,1,2,0.0,0.0
